Designator,Mid X,Mid Y,Rotation,Layer
C1,23.725,-36.625,180.0,bottom
C10,77.725,-36.625,180.0,bottom
C100,77.725,-72.625,180.0,bottom
C101,23.725,-76.625,180.0,bottom
C102,29.725,-76.625,180.0,bottom
C103,35.725,-76.625,180.0,bottom
C104,41.725,-76.625,180.0,bottom
C105,47.725,-76.625,180.0,bottom
C106,53.725,-76.625,180.0,bottom
C107,59.725,-76.625,180.0,bottom
C108,65.725,-76.625,180.0,bottom
C109,71.725,-76.625,180.0,bottom
C11,23.725,-40.625,180.0,bottom
C110,77.725,-76.625,180.0,bottom
C111,23.725,-80.625,180.0,bottom
C112,29.725,-80.625,180.0,bottom
C113,35.725,-80.625,180.0,bottom
C114,41.725,-80.625,180.0,bottom
C115,47.725,-80.625,180.0,bottom
C116,53.725,-80.625,180.0,bottom
C117,59.725,-80.625,180.0,bottom
C118,65.725,-80.625,180.0,bottom
C119,71.725,-80.625,180.0,bottom
C12,29.725,-40.625,180.0,bottom
C120,77.725,-80.625,180.0,bottom
C121,23.725,-84.625,180.0,bottom
C122,29.725,-84.625,180.0,bottom
C123,35.725,-84.625,180.0,bottom
C124,41.725,-84.625,180.0,bottom
C125,47.725,-84.625,180.0,bottom
C126,53.725,-84.625,180.0,bottom
C127,59.725,-84.625,180.0,bottom
C128,65.725,-84.625,180.0,bottom
C129,71.725,-84.625,180.0,bottom
C13,35.725,-40.625,180.0,bottom
C130,77.725,-84.625,180.0,bottom
C131,23.725,-88.625,180.0,bottom
C132,29.725,-88.625,180.0,bottom
C133,35.725,-88.625,180.0,bottom
C134,41.725,-88.625,180.0,bottom
C135,47.725,-88.625,180.0,bottom
C136,53.725,-88.625,180.0,bottom
C137,59.725,-88.625,180.0,bottom
C138,65.725,-88.625,180.0,bottom
C139,71.725,-88.625,180.0,bottom
C14,41.725,-40.625,180.0,bottom
C140,77.725,-88.625,180.0,bottom
C141,23.725,-92.625,180.0,bottom
C142,29.725,-92.625,180.0,bottom
C143,35.725,-92.625,180.0,bottom
C144,41.725,-92.625,180.0,bottom
C145,47.725,-92.625,180.0,bottom
C146,53.725,-92.625,180.0,bottom
C147,59.725,-92.625,180.0,bottom
C148,65.725,-92.625,180.0,bottom
C149,71.725,-92.625,180.0,bottom
C15,47.725,-40.625,180.0,bottom
C150,77.725,-92.625,180.0,bottom
C16,53.725,-40.625,180.0,bottom
C17,59.725,-40.625,180.0,bottom
C18,65.725,-40.625,180.0,bottom
C19,71.725,-40.625,180.0,bottom
C2,29.725,-36.625,180.0,bottom
C20,77.725,-40.625,180.0,bottom
C21,23.725,-44.625,180.0,bottom
C22,29.725,-44.625,180.0,bottom
C23,35.725,-44.625,180.0,bottom
C24,41.725,-44.625,180.0,bottom
C25,47.725,-44.625,180.0,bottom
C26,53.725,-44.625,180.0,bottom
C27,59.725,-44.625,180.0,bottom
C28,65.725,-44.625,180.0,bottom
C29,71.725,-44.625,180.0,bottom
C3,35.725,-36.625,180.0,bottom
C30,77.725,-44.625,180.0,bottom
C31,23.725,-48.625,180.0,bottom
C32,29.725,-48.625,180.0,bottom
C33,35.725,-48.625,180.0,bottom
C34,41.725,-48.625,180.0,bottom
C35,47.725,-48.625,180.0,bottom
C36,53.725,-48.625,180.0,bottom
C37,59.725,-48.625,180.0,bottom
C38,65.725,-48.625,180.0,bottom
C39,71.725,-48.625,180.0,bottom
C4,41.725,-36.625,180.0,bottom
C40,77.725,-48.625,180.0,bottom
C41,23.725,-52.625,180.0,bottom
C42,29.725,-52.625,180.0,bottom
C43,35.725,-52.625,180.0,bottom
C44,41.725,-52.625,180.0,bottom
C45,47.725,-52.625,180.0,bottom
C46,53.725,-52.625,180.0,bottom
C47,59.725,-52.625,180.0,bottom
C48,65.725,-52.625,180.0,bottom
C49,71.725,-52.625,180.0,bottom
C5,47.725,-36.625,180.0,bottom
C50,77.725,-52.625,180.0,bottom
C51,23.725,-56.625,180.0,bottom
C52,29.725,-56.625,180.0,bottom
C53,35.725,-56.625,180.0,bottom
C54,41.725,-56.625,180.0,bottom
C55,47.725,-56.625,180.0,bottom
C56,53.725,-56.625,180.0,bottom
C57,59.725,-56.625,180.0,bottom
C58,65.725,-56.625,180.0,bottom
C59,71.725,-56.625,180.0,bottom
C6,53.725,-36.625,180.0,bottom
C60,77.725,-56.625,180.0,bottom
C61,23.725,-60.625,180.0,bottom
C62,29.725,-60.625,180.0,bottom
C63,35.725,-60.625,180.0,bottom
C64,41.725,-60.625,180.0,bottom
C65,47.725,-60.625,180.0,bottom
C66,53.725,-60.625,180.0,bottom
C67,59.725,-60.625,180.0,bottom
C68,65.725,-60.625,180.0,bottom
C69,71.725,-60.625,180.0,bottom
C7,59.725,-36.625,180.0,bottom
C70,77.725,-60.625,180.0,bottom
C71,23.725,-64.625,180.0,bottom
C72,29.725,-64.625,180.0,bottom
C73,35.725,-64.625,180.0,bottom
C74,41.725,-64.625,180.0,bottom
C75,47.725,-64.625,180.0,bottom
C76,53.725,-64.625,180.0,bottom
C77,59.725,-64.625,180.0,bottom
C78,65.725,-64.625,180.0,bottom
C79,71.725,-64.625,180.0,bottom
C8,65.725,-36.625,180.0,bottom
C80,77.725,-64.625,180.0,bottom
C81,23.725,-68.625,180.0,bottom
C82,29.725,-68.625,180.0,bottom
C83,35.725,-68.625,180.0,bottom
C84,41.725,-68.625,180.0,bottom
C85,47.725,-68.625,180.0,bottom
C86,53.725,-68.625,180.0,bottom
C87,59.725,-68.625,180.0,bottom
C88,65.725,-68.625,180.0,bottom
C89,71.725,-68.625,180.0,bottom
C9,71.725,-36.625,180.0,bottom
C90,77.725,-68.625,180.0,bottom
C91,23.725,-72.625,180.0,bottom
C92,29.725,-72.625,180.0,bottom
C93,35.725,-72.625,180.0,bottom
C94,41.725,-72.625,180.0,bottom
C95,47.725,-72.625,180.0,bottom
C96,53.725,-72.625,180.0,bottom
C97,59.725,-72.625,180.0,bottom
C98,65.725,-72.625,180.0,bottom
C99,71.725,-72.625,180.0,bottom
J20,11.49,-64.75,0.0,bottom
R1,19.21,-34.72,225.0,top
R10,19.45,-70.42,270.0,top
R11,19.45,-74.34,90.0,top
R12,19.5,-78.0,270.0,top
R13,19.5,-82.0,90.0,top
R14,19.5,-86.0,270.0,top
R15,19.5,-89.5,90.0,top
R16,19.5,-93.0,270.0,top
R2,19.5,-38.5,90.0,top
R3,19.5,-42.0,270.0,top
R4,19.5,-46.0,90.0,top
R5,19.5,-50.0,270.0,top
R6,19.5,-54.0,90.0,top
R7,19.5,-58.0,270.0,top
R8,19.5,-62.0,90.0,top
R9,19.45,-66.35,90.0,top
U1,21.72,-33.62,180.0,top
U10,39.72,-33.62,180.0,top
U100,27.72,-39.62,180.0,top
U1000,35.72,-95.62,180.0,top
U1001,37.72,-95.62,180.0,top
U1002,39.72,-95.62,180.0,top
U1003,41.72,-95.62,180.0,top
U1004,43.72,-95.62,180.0,top
U1005,45.72,-95.62,180.0,top
U1006,47.72,-95.62,180.0,top
U1007,49.72,-95.62,180.0,top
U1008,51.72,-95.62,180.0,top
U1009,53.72,-95.62,180.0,top
U101,29.72,-39.62,180.0,top
U1010,55.72,-95.62,180.0,top
U1011,57.72,-95.62,180.0,top
U1012,59.72,-95.62,180.0,top
U1013,61.72,-95.62,180.0,top
U1014,63.72,-95.62,180.0,top
U1015,65.72,-95.62,180.0,top
U1016,67.72,-95.62,180.0,top
U1017,69.72,-95.62,180.0,top
U1018,71.72,-95.62,180.0,top
U1019,73.72,-95.62,180.0,top
U102,31.72,-39.62,180.0,top
U1020,75.72,-95.62,180.0,top
U1021,77.72,-95.62,180.0,top
U1022,79.72,-95.62,180.0,top
U1023,81.72,-95.62,180.0,top
U1024,83.72,-95.62,180.0,top
U103,33.72,-39.62,180.0,top
U104,35.72,-39.62,180.0,top
U105,37.72,-39.62,180.0,top
U106,39.72,-39.62,180.0,top
U107,41.72,-39.62,180.0,top
U108,43.72,-39.62,180.0,top
U109,45.72,-39.62,180.0,top
U11,41.72,-33.62,180.0,top
U110,47.72,-39.62,180.0,top
U111,49.72,-39.62,180.0,top
U112,51.72,-39.62,180.0,top
U113,53.72,-39.62,180.0,top
U114,55.72,-39.62,180.0,top
U115,57.72,-39.62,180.0,top
U116,59.72,-39.62,180.0,top
U117,61.72,-39.62,180.0,top
U118,63.72,-39.62,180.0,top
U119,65.72,-39.62,180.0,top
U12,43.72,-33.62,180.0,top
U120,67.72,-39.62,180.0,top
U121,69.72,-39.62,180.0,top
U122,71.72,-39.62,180.0,top
U123,73.72,-39.62,180.0,top
U124,75.72,-39.62,180.0,top
U125,77.72,-39.62,180.0,top
U126,79.72,-39.62,180.0,top
U127,81.72,-39.62,180.0,top
U128,83.72,-39.62,180.0,top
U129,21.72,-41.62,180.0,top
U13,45.72,-33.62,180.0,top
U130,23.72,-41.62,180.0,top
U131,25.72,-41.62,180.0,top
U132,27.72,-41.62,180.0,top
U133,29.72,-41.62,180.0,top
U134,31.72,-41.62,180.0,top
U135,33.72,-41.62,180.0,top
U136,35.72,-41.62,180.0,top
U137,37.72,-41.62,180.0,top
U138,39.72,-41.62,180.0,top
U139,41.72,-41.62,180.0,top
U14,47.72,-33.62,180.0,top
U140,43.72,-41.62,180.0,top
U141,45.72,-41.62,180.0,top
U142,47.72,-41.62,180.0,top
U143,49.72,-41.62,180.0,top
U144,51.72,-41.62,180.0,top
U145,53.72,-41.62,180.0,top
U146,55.72,-41.62,180.0,top
U147,57.72,-41.62,180.0,top
U148,59.72,-41.62,180.0,top
U149,61.72,-41.62,180.0,top
U15,49.72,-33.62,180.0,top
U150,63.72,-41.62,180.0,top
U151,65.72,-41.62,180.0,top
U152,67.72,-41.62,180.0,top
U153,69.72,-41.62,180.0,top
U154,71.72,-41.62,180.0,top
U155,73.72,-41.62,180.0,top
U156,75.72,-41.62,180.0,top
U157,77.72,-41.62,180.0,top
U158,79.72,-41.62,180.0,top
U159,81.72,-41.62,180.0,top
U16,51.72,-33.62,180.0,top
U160,83.72,-41.62,180.0,top
U161,21.72,-43.62,180.0,top
U162,23.72,-43.62,180.0,top
U163,25.72,-43.62,180.0,top
U164,27.72,-43.62,180.0,top
U165,29.72,-43.62,180.0,top
U166,31.72,-43.62,180.0,top
U167,33.72,-43.62,180.0,top
U168,35.72,-43.62,180.0,top
U169,37.72,-43.62,180.0,top
U17,53.72,-33.62,180.0,top
U170,39.72,-43.62,180.0,top
U171,41.72,-43.62,180.0,top
U172,43.72,-43.62,180.0,top
U173,45.72,-43.62,180.0,top
U174,47.72,-43.62,180.0,top
U175,49.72,-43.62,180.0,top
U176,51.72,-43.62,180.0,top
U177,53.72,-43.62,180.0,top
U178,55.72,-43.62,180.0,top
U179,57.72,-43.62,180.0,top
U18,55.72,-33.62,180.0,top
U180,59.72,-43.62,180.0,top
U181,61.72,-43.62,180.0,top
U182,63.72,-43.62,180.0,top
U183,65.72,-43.62,180.0,top
U184,67.72,-43.62,180.0,top
U185,69.72,-43.62,180.0,top
U186,71.72,-43.62,180.0,top
U187,73.72,-43.62,180.0,top
U188,75.72,-43.62,180.0,top
U189,77.72,-43.62,180.0,top
U19,57.72,-33.62,180.0,top
U190,79.72,-43.62,180.0,top
U191,81.72,-43.62,180.0,top
U192,83.72,-43.62,180.0,top
U193,21.72,-45.62,180.0,top
U194,23.72,-45.62,180.0,top
U195,25.72,-45.62,180.0,top
U196,27.72,-45.62,180.0,top
U197,29.72,-45.62,180.0,top
U198,31.72,-45.62,180.0,top
U199,33.72,-45.62,180.0,top
U2,23.72,-33.62,180.0,top
U20,59.72,-33.62,180.0,top
U200,35.72,-45.62,180.0,top
U201,37.72,-45.62,180.0,top
U202,39.72,-45.62,180.0,top
U203,41.72,-45.62,180.0,top
U204,43.72,-45.62,180.0,top
U205,45.72,-45.62,180.0,top
U206,47.72,-45.62,180.0,top
U207,49.72,-45.62,180.0,top
U208,51.72,-45.62,180.0,top
U209,53.72,-45.62,180.0,top
U21,61.72,-33.62,180.0,top
U210,55.72,-45.62,180.0,top
U211,57.72,-45.62,180.0,top
U212,59.72,-45.62,180.0,top
U213,61.72,-45.62,180.0,top
U214,63.72,-45.62,180.0,top
U215,65.72,-45.62,180.0,top
U216,67.72,-45.62,180.0,top
U217,69.72,-45.62,180.0,top
U218,71.72,-45.62,180.0,top
U219,73.72,-45.62,180.0,top
U22,63.72,-33.62,180.0,top
U220,75.72,-45.62,180.0,top
U221,77.72,-45.62,180.0,top
U222,79.72,-45.62,180.0,top
U223,81.72,-45.62,180.0,top
U224,83.72,-45.62,180.0,top
U225,21.72,-47.62,180.0,top
U226,23.72,-47.62,180.0,top
U227,25.72,-47.62,180.0,top
U228,27.72,-47.62,180.0,top
U229,29.72,-47.62,180.0,top
U23,65.72,-33.62,180.0,top
U230,31.72,-47.62,180.0,top
U231,33.72,-47.62,180.0,top
U232,35.72,-47.62,180.0,top
U233,37.72,-47.62,180.0,top
U234,39.72,-47.62,180.0,top
U235,41.72,-47.62,180.0,top
U236,43.72,-47.62,180.0,top
U237,45.72,-47.62,180.0,top
U238,47.72,-47.62,180.0,top
U239,49.72,-47.62,180.0,top
U24,67.72,-33.62,180.0,top
U240,51.72,-47.62,180.0,top
U241,53.72,-47.62,180.0,top
U242,55.72,-47.62,180.0,top
U243,57.72,-47.62,180.0,top
U244,59.72,-47.62,180.0,top
U245,61.72,-47.62,180.0,top
U246,63.72,-47.62,180.0,top
U247,65.72,-47.62,180.0,top
U248,67.72,-47.62,180.0,top
U249,69.72,-47.62,180.0,top
U25,69.72,-33.62,180.0,top
U250,71.72,-47.62,180.0,top
U251,73.72,-47.62,180.0,top
U252,75.72,-47.62,180.0,top
U253,77.72,-47.62,180.0,top
U254,79.72,-47.62,180.0,top
U255,81.72,-47.62,180.0,top
U256,83.72,-47.62,180.0,top
U257,21.72,-49.62,180.0,top
U258,23.72,-49.62,180.0,top
U259,25.72,-49.62,180.0,top
U26,71.72,-33.62,180.0,top
U260,27.72,-49.62,180.0,top
U261,29.72,-49.62,180.0,top
U262,31.72,-49.62,180.0,top
U263,33.72,-49.62,180.0,top
U264,35.72,-49.62,180.0,top
U265,37.72,-49.62,180.0,top
U266,39.72,-49.62,180.0,top
U267,41.72,-49.62,180.0,top
U268,43.72,-49.62,180.0,top
U269,45.72,-49.62,180.0,top
U27,73.72,-33.62,180.0,top
U270,47.72,-49.62,180.0,top
U271,49.72,-49.62,180.0,top
U272,51.72,-49.62,180.0,top
U273,53.72,-49.62,180.0,top
U274,55.72,-49.62,180.0,top
U275,57.72,-49.62,180.0,top
U276,59.72,-49.62,180.0,top
U277,61.72,-49.62,180.0,top
U278,63.72,-49.62,180.0,top
U279,65.72,-49.62,180.0,top
U28,75.72,-33.62,180.0,top
U280,67.72,-49.62,180.0,top
U281,69.72,-49.62,180.0,top
U282,71.72,-49.62,180.0,top
U283,73.72,-49.62,180.0,top
U284,75.72,-49.62,180.0,top
U285,77.72,-49.62,180.0,top
U286,79.72,-49.62,180.0,top
U287,81.72,-49.62,180.0,top
U288,83.72,-49.62,180.0,top
U289,21.72,-51.62,180.0,top
U29,77.72,-33.62,180.0,top
U290,23.72,-51.62,180.0,top
U291,25.72,-51.62,180.0,top
U292,27.72,-51.62,180.0,top
U293,29.72,-51.62,180.0,top
U294,31.72,-51.62,180.0,top
U295,33.72,-51.62,180.0,top
U296,35.72,-51.62,180.0,top
U297,37.72,-51.62,180.0,top
U298,39.72,-51.62,180.0,top
U299,41.72,-51.62,180.0,top
U3,25.72,-33.62,180.0,top
U30,79.72,-33.62,180.0,top
U300,43.72,-51.62,180.0,top
U301,45.72,-51.62,180.0,top
U302,47.72,-51.62,180.0,top
U303,49.72,-51.62,180.0,top
U304,51.72,-51.62,180.0,top
U305,53.72,-51.62,180.0,top
U306,55.72,-51.62,180.0,top
U307,57.72,-51.62,180.0,top
U308,59.72,-51.62,180.0,top
U309,61.72,-51.62,180.0,top
U31,81.72,-33.62,180.0,top
U310,63.72,-51.62,180.0,top
U311,65.72,-51.62,180.0,top
U312,67.72,-51.62,180.0,top
U313,69.72,-51.62,180.0,top
U314,71.72,-51.62,180.0,top
U315,73.72,-51.62,180.0,top
U316,75.72,-51.62,180.0,top
U317,77.72,-51.62,180.0,top
U318,79.72,-51.62,180.0,top
U319,81.72,-51.62,180.0,top
U32,83.72,-33.62,180.0,top
U320,83.72,-51.62,180.0,top
U321,21.72,-53.62,180.0,top
U322,23.72,-53.62,180.0,top
U323,25.72,-53.62,180.0,top
U324,27.72,-53.62,180.0,top
U325,29.72,-53.62,180.0,top
U326,31.72,-53.62,180.0,top
U327,33.72,-53.62,180.0,top
U328,35.72,-53.62,180.0,top
U329,37.72,-53.62,180.0,top
U33,21.72,-35.62,180.0,top
U330,39.72,-53.62,180.0,top
U331,41.72,-53.62,180.0,top
U332,43.72,-53.62,180.0,top
U333,45.72,-53.62,180.0,top
U334,47.72,-53.62,180.0,top
U335,49.72,-53.62,180.0,top
U336,51.72,-53.62,180.0,top
U337,53.72,-53.62,180.0,top
U338,55.72,-53.62,180.0,top
U339,57.72,-53.62,180.0,top
U34,23.72,-35.62,180.0,top
U340,59.72,-53.62,180.0,top
U341,61.72,-53.62,180.0,top
U342,63.72,-53.62,180.0,top
U343,65.72,-53.62,180.0,top
U344,67.72,-53.62,180.0,top
U345,69.72,-53.62,180.0,top
U346,71.72,-53.62,180.0,top
U347,73.72,-53.62,180.0,top
U348,75.72,-53.62,180.0,top
U349,77.72,-53.62,180.0,top
U35,25.72,-35.62,180.0,top
U350,79.72,-53.62,180.0,top
U351,81.72,-53.62,180.0,top
U352,83.72,-53.62,180.0,top
U353,21.72,-55.62,180.0,top
U354,23.72,-55.62,180.0,top
U355,25.72,-55.62,180.0,top
U356,27.72,-55.62,180.0,top
U357,29.72,-55.62,180.0,top
U358,31.72,-55.62,180.0,top
U359,33.72,-55.62,180.0,top
U36,27.72,-35.62,180.0,top
U360,35.72,-55.62,180.0,top
U361,37.72,-55.62,180.0,top
U362,39.72,-55.62,180.0,top
U363,41.72,-55.62,180.0,top
U364,43.72,-55.62,180.0,top
U365,45.72,-55.62,180.0,top
U366,47.72,-55.62,180.0,top
U367,49.72,-55.62,180.0,top
U368,51.72,-55.62,180.0,top
U369,53.72,-55.62,180.0,top
U37,29.72,-35.62,180.0,top
U370,55.72,-55.62,180.0,top
U371,57.72,-55.62,180.0,top
U372,59.72,-55.62,180.0,top
U373,61.72,-55.62,180.0,top
U374,63.72,-55.62,180.0,top
U375,65.72,-55.62,180.0,top
U376,67.72,-55.62,180.0,top
U377,69.72,-55.62,180.0,top
U378,71.72,-55.62,180.0,top
U379,73.72,-55.62,180.0,top
U38,31.72,-35.62,180.0,top
U380,75.72,-55.62,180.0,top
U381,77.72,-55.62,180.0,top
U382,79.72,-55.62,180.0,top
U383,81.72,-55.62,180.0,top
U384,83.72,-55.62,180.0,top
U385,21.72,-57.62,180.0,top
U386,23.72,-57.62,180.0,top
U387,25.72,-57.62,180.0,top
U388,27.72,-57.62,180.0,top
U389,29.72,-57.62,180.0,top
U39,33.72,-35.62,180.0,top
U390,31.72,-57.62,180.0,top
U391,33.72,-57.62,180.0,top
U392,35.72,-57.62,180.0,top
U393,37.72,-57.62,180.0,top
U394,39.72,-57.62,180.0,top
U395,41.72,-57.62,180.0,top
U396,43.72,-57.62,180.0,top
U397,45.72,-57.62,180.0,top
U398,47.72,-57.62,180.0,top
U399,49.72,-57.62,180.0,top
U4,27.72,-33.62,180.0,top
U40,35.72,-35.62,180.0,top
U400,51.72,-57.62,180.0,top
U401,53.72,-57.62,180.0,top
U402,55.72,-57.62,180.0,top
U403,57.72,-57.62,180.0,top
U404,59.72,-57.62,180.0,top
U405,61.72,-57.62,180.0,top
U406,63.72,-57.62,180.0,top
U407,65.72,-57.62,180.0,top
U408,67.72,-57.62,180.0,top
U409,69.72,-57.62,180.0,top
U41,37.72,-35.62,180.0,top
U410,71.72,-57.62,180.0,top
U411,73.72,-57.62,180.0,top
U412,75.72,-57.62,180.0,top
U413,77.72,-57.62,180.0,top
U414,79.72,-57.62,180.0,top
U415,81.72,-57.62,180.0,top
U416,83.72,-57.62,180.0,top
U417,21.72,-59.62,180.0,top
U418,23.72,-59.62,180.0,top
U419,25.72,-59.62,180.0,top
U42,39.72,-35.62,180.0,top
U420,27.72,-59.62,180.0,top
U421,29.72,-59.62,180.0,top
U422,31.72,-59.62,180.0,top
U423,33.72,-59.62,180.0,top
U424,35.72,-59.62,180.0,top
U425,37.72,-59.62,180.0,top
U426,39.72,-59.62,180.0,top
U427,41.72,-59.62,180.0,top
U428,43.72,-59.62,180.0,top
U429,45.72,-59.62,180.0,top
U43,41.72,-35.62,180.0,top
U430,47.72,-59.62,180.0,top
U431,49.72,-59.62,180.0,top
U432,51.72,-59.62,180.0,top
U433,53.72,-59.62,180.0,top
U434,55.72,-59.62,180.0,top
U435,57.72,-59.62,180.0,top
U436,59.72,-59.62,180.0,top
U437,61.72,-59.62,180.0,top
U438,63.72,-59.62,180.0,top
U439,65.72,-59.62,180.0,top
U44,43.72,-35.62,180.0,top
U440,67.72,-59.62,180.0,top
U441,69.72,-59.62,180.0,top
U442,71.72,-59.62,180.0,top
U443,73.72,-59.62,180.0,top
U444,75.72,-59.62,180.0,top
U445,77.72,-59.62,180.0,top
U446,79.72,-59.62,180.0,top
U447,81.72,-59.62,180.0,top
U448,83.72,-59.62,180.0,top
U449,21.72,-61.62,180.0,top
U45,45.72,-35.62,180.0,top
U450,23.72,-61.62,180.0,top
U451,25.72,-61.62,180.0,top
U452,27.72,-61.62,180.0,top
U453,29.72,-61.62,180.0,top
U454,31.72,-61.62,180.0,top
U455,33.72,-61.62,180.0,top
U456,35.72,-61.62,180.0,top
U457,37.72,-61.62,180.0,top
U458,39.72,-61.62,180.0,top
U459,41.72,-61.62,180.0,top
U46,47.72,-35.62,180.0,top
U460,43.72,-61.62,180.0,top
U461,45.72,-61.62,180.0,top
U462,47.72,-61.62,180.0,top
U463,49.72,-61.62,180.0,top
U464,51.72,-61.62,180.0,top
U465,53.72,-61.62,180.0,top
U466,55.72,-61.62,180.0,top
U467,57.72,-61.62,180.0,top
U468,59.72,-61.62,180.0,top
U469,61.72,-61.62,180.0,top
U47,49.72,-35.62,180.0,top
U470,63.72,-61.62,180.0,top
U471,65.72,-61.62,180.0,top
U472,67.72,-61.62,180.0,top
U473,69.72,-61.62,180.0,top
U474,71.72,-61.62,180.0,top
U475,73.72,-61.62,180.0,top
U476,75.72,-61.62,180.0,top
U477,77.72,-61.62,180.0,top
U478,79.72,-61.62,180.0,top
U479,81.72,-61.62,180.0,top
U48,51.72,-35.62,180.0,top
U480,83.72,-61.62,180.0,top
U481,21.72,-63.62,180.0,top
U482,23.72,-63.62,180.0,top
U483,25.72,-63.62,180.0,top
U484,27.72,-63.62,180.0,top
U485,29.72,-63.62,180.0,top
U486,31.72,-63.62,180.0,top
U487,33.72,-63.62,180.0,top
U488,35.72,-63.62,180.0,top
U489,37.72,-63.62,180.0,top
U49,53.72,-35.62,180.0,top
U490,39.72,-63.62,180.0,top
U491,41.72,-63.62,180.0,top
U492,43.72,-63.62,180.0,top
U493,45.72,-63.62,180.0,top
U494,47.72,-63.62,180.0,top
U495,49.72,-63.62,180.0,top
U496,51.72,-63.62,180.0,top
U497,53.72,-63.62,180.0,top
U498,55.72,-63.62,180.0,top
U499,57.72,-63.62,180.0,top
U5,29.72,-33.62,180.0,top
U50,55.72,-35.62,180.0,top
U500,59.72,-63.62,180.0,top
U501,61.72,-63.62,180.0,top
U502,63.72,-63.62,180.0,top
U503,65.72,-63.62,180.0,top
U504,67.72,-63.62,180.0,top
U505,69.72,-63.62,180.0,top
U506,71.72,-63.62,180.0,top
U507,73.72,-63.62,180.0,top
U508,75.72,-63.62,180.0,top
U509,77.72,-63.62,180.0,top
U51,57.72,-35.62,180.0,top
U510,79.72,-63.62,180.0,top
U511,81.72,-63.62,180.0,top
U512,83.72,-63.62,180.0,top
U513,21.72,-65.62,180.0,top
U514,23.72,-65.62,180.0,top
U515,25.72,-65.62,180.0,top
U516,27.72,-65.62,180.0,top
U517,29.72,-65.62,180.0,top
U518,31.72,-65.62,180.0,top
U519,33.72,-65.62,180.0,top
U52,59.72,-35.62,180.0,top
U520,35.72,-65.62,180.0,top
U521,37.72,-65.62,180.0,top
U522,39.72,-65.62,180.0,top
U523,41.72,-65.62,180.0,top
U524,43.72,-65.62,180.0,top
U525,45.72,-65.62,180.0,top
U526,47.72,-65.62,180.0,top
U527,49.72,-65.62,180.0,top
U528,51.72,-65.62,180.0,top
U529,53.72,-65.62,180.0,top
U53,61.72,-35.62,180.0,top
U530,55.72,-65.62,180.0,top
U531,57.72,-65.62,180.0,top
U532,59.72,-65.62,180.0,top
U533,61.72,-65.62,180.0,top
U534,63.72,-65.62,180.0,top
U535,65.72,-65.62,180.0,top
U536,67.72,-65.62,180.0,top
U537,69.72,-65.62,180.0,top
U538,71.72,-65.62,180.0,top
U539,73.72,-65.62,180.0,top
U54,63.72,-35.62,180.0,top
U540,75.72,-65.62,180.0,top
U541,77.72,-65.62,180.0,top
U542,79.72,-65.62,180.0,top
U543,81.72,-65.62,180.0,top
U544,83.72,-65.62,180.0,top
U545,21.72,-67.62,180.0,top
U546,23.72,-67.62,180.0,top
U547,25.72,-67.62,180.0,top
U548,27.72,-67.62,180.0,top
U549,29.72,-67.62,180.0,top
U55,65.72,-35.62,180.0,top
U550,31.72,-67.62,180.0,top
U551,33.72,-67.62,180.0,top
U552,35.72,-67.62,180.0,top
U553,37.72,-67.62,180.0,top
U554,39.72,-67.62,180.0,top
U555,41.72,-67.62,180.0,top
U556,43.72,-67.62,180.0,top
U557,45.72,-67.62,180.0,top
U558,47.72,-67.62,180.0,top
U559,49.72,-67.62,180.0,top
U56,67.72,-35.62,180.0,top
U560,51.72,-67.62,180.0,top
U561,53.72,-67.62,180.0,top
U562,55.72,-67.62,180.0,top
U563,57.72,-67.62,180.0,top
U564,59.72,-67.62,180.0,top
U565,61.72,-67.62,180.0,top
U566,63.72,-67.62,180.0,top
U567,65.72,-67.62,180.0,top
U568,67.72,-67.62,180.0,top
U569,69.72,-67.62,180.0,top
U57,69.72,-35.62,180.0,top
U570,71.72,-67.62,180.0,top
U571,73.72,-67.62,180.0,top
U572,75.72,-67.62,180.0,top
U573,77.72,-67.62,180.0,top
U574,79.72,-67.62,180.0,top
U575,81.72,-67.62,180.0,top
U576,83.72,-67.62,180.0,top
U577,21.72,-69.62,180.0,top
U578,23.72,-69.62,180.0,top
U579,25.72,-69.62,180.0,top
U58,71.72,-35.62,180.0,top
U580,27.72,-69.62,180.0,top
U581,29.72,-69.62,180.0,top
U582,31.72,-69.62,180.0,top
U583,33.72,-69.62,180.0,top
U584,35.72,-69.62,180.0,top
U585,37.72,-69.62,180.0,top
U586,39.72,-69.62,180.0,top
U587,41.72,-69.62,180.0,top
U588,43.72,-69.62,180.0,top
U589,45.72,-69.62,180.0,top
U59,73.72,-35.62,180.0,top
U590,47.72,-69.62,180.0,top
U591,49.72,-69.62,180.0,top
U592,51.72,-69.62,180.0,top
U593,53.72,-69.62,180.0,top
U594,55.72,-69.62,180.0,top
U595,57.72,-69.62,180.0,top
U596,59.72,-69.62,180.0,top
U597,61.72,-69.62,180.0,top
U598,63.72,-69.62,180.0,top
U599,65.72,-69.62,180.0,top
U6,31.72,-33.62,180.0,top
U60,75.72,-35.62,180.0,top
U600,67.72,-69.62,180.0,top
U601,69.72,-69.62,180.0,top
U602,71.72,-69.62,180.0,top
U603,73.72,-69.62,180.0,top
U604,75.72,-69.62,180.0,top
U605,77.72,-69.62,180.0,top
U606,79.72,-69.62,180.0,top
U607,81.72,-69.62,180.0,top
U608,83.72,-69.62,180.0,top
U609,21.72,-71.62,180.0,top
U61,77.72,-35.62,180.0,top
U610,23.72,-71.62,180.0,top
U611,25.72,-71.62,180.0,top
U612,27.72,-71.62,180.0,top
U613,29.72,-71.62,180.0,top
U614,31.72,-71.62,180.0,top
U615,33.72,-71.62,180.0,top
U616,35.72,-71.62,180.0,top
U617,37.72,-71.62,180.0,top
U618,39.72,-71.62,180.0,top
U619,41.72,-71.62,180.0,top
U62,79.72,-35.62,180.0,top
U620,43.72,-71.62,180.0,top
U621,45.72,-71.62,180.0,top
U622,47.72,-71.62,180.0,top
U623,49.72,-71.62,180.0,top
U624,51.72,-71.62,180.0,top
U625,53.72,-71.62,180.0,top
U626,55.72,-71.62,180.0,top
U627,57.72,-71.62,180.0,top
U628,59.72,-71.62,180.0,top
U629,61.72,-71.62,180.0,top
U63,81.72,-35.62,180.0,top
U630,63.72,-71.62,180.0,top
U631,65.72,-71.62,180.0,top
U632,67.72,-71.62,180.0,top
U633,69.72,-71.62,180.0,top
U634,71.72,-71.62,180.0,top
U635,73.72,-71.62,180.0,top
U636,75.72,-71.62,180.0,top
U637,77.72,-71.62,180.0,top
U638,79.72,-71.62,180.0,top
U639,81.72,-71.62,180.0,top
U64,83.72,-35.62,180.0,top
U640,83.72,-71.62,180.0,top
U641,21.72,-73.62,180.0,top
U642,23.72,-73.62,180.0,top
U643,25.72,-73.62,180.0,top
U644,27.72,-73.62,180.0,top
U645,29.72,-73.62,180.0,top
U646,31.72,-73.62,180.0,top
U647,33.72,-73.62,180.0,top
U648,35.72,-73.62,180.0,top
U649,37.72,-73.62,180.0,top
U65,21.72,-37.62,180.0,top
U650,39.72,-73.62,180.0,top
U651,41.72,-73.62,180.0,top
U652,43.72,-73.62,180.0,top
U653,45.72,-73.62,180.0,top
U654,47.72,-73.62,180.0,top
U655,49.72,-73.62,180.0,top
U656,51.72,-73.62,180.0,top
U657,53.72,-73.62,180.0,top
U658,55.72,-73.62,180.0,top
U659,57.72,-73.62,180.0,top
U66,23.72,-37.62,180.0,top
U660,59.72,-73.62,180.0,top
U661,61.72,-73.62,180.0,top
U662,63.72,-73.62,180.0,top
U663,65.72,-73.62,180.0,top
U664,67.72,-73.62,180.0,top
U665,69.72,-73.62,180.0,top
U666,71.72,-73.62,180.0,top
U667,73.72,-73.62,180.0,top
U668,75.72,-73.62,180.0,top
U669,77.72,-73.62,180.0,top
U67,25.72,-37.62,180.0,top
U670,79.72,-73.62,180.0,top
U671,81.72,-73.62,180.0,top
U672,83.72,-73.62,180.0,top
U673,21.72,-75.62,180.0,top
U674,23.72,-75.62,180.0,top
U675,25.72,-75.62,180.0,top
U676,27.72,-75.62,180.0,top
U677,29.72,-75.62,180.0,top
U678,31.72,-75.62,180.0,top
U679,33.72,-75.62,180.0,top
U68,27.72,-37.62,180.0,top
U680,35.72,-75.62,180.0,top
U681,37.72,-75.62,180.0,top
U682,39.72,-75.62,180.0,top
U683,41.72,-75.62,180.0,top
U684,43.72,-75.62,180.0,top
U685,45.72,-75.62,180.0,top
U686,47.72,-75.62,180.0,top
U687,49.72,-75.62,180.0,top
U688,51.72,-75.62,180.0,top
U689,53.72,-75.62,180.0,top
U69,29.72,-37.62,180.0,top
U690,55.72,-75.62,180.0,top
U691,57.72,-75.62,180.0,top
U692,59.72,-75.62,180.0,top
U693,61.72,-75.62,180.0,top
U694,63.72,-75.62,180.0,top
U695,65.72,-75.62,180.0,top
U696,67.72,-75.62,180.0,top
U697,69.72,-75.62,180.0,top
U698,71.72,-75.62,180.0,top
U699,73.72,-75.62,180.0,top
U7,33.72,-33.62,180.0,top
U70,31.72,-37.62,180.0,top
U700,75.72,-75.62,180.0,top
U701,77.72,-75.62,180.0,top
U702,79.72,-75.62,180.0,top
U703,81.72,-75.62,180.0,top
U704,83.72,-75.62,180.0,top
U705,21.72,-77.62,180.0,top
U706,23.72,-77.62,180.0,top
U707,25.72,-77.62,180.0,top
U708,27.72,-77.62,180.0,top
U709,29.72,-77.62,180.0,top
U71,33.72,-37.62,180.0,top
U710,31.72,-77.62,180.0,top
U711,33.72,-77.62,180.0,top
U712,35.72,-77.62,180.0,top
U713,37.72,-77.62,180.0,top
U714,39.72,-77.62,180.0,top
U715,41.72,-77.62,180.0,top
U716,43.72,-77.62,180.0,top
U717,45.72,-77.62,180.0,top
U718,47.72,-77.62,180.0,top
U719,49.72,-77.62,180.0,top
U72,35.72,-37.62,180.0,top
U720,51.72,-77.62,180.0,top
U721,53.72,-77.62,180.0,top
U722,55.72,-77.62,180.0,top
U723,57.72,-77.62,180.0,top
U724,59.72,-77.62,180.0,top
U725,61.72,-77.62,180.0,top
U726,63.72,-77.62,180.0,top
U727,65.72,-77.62,180.0,top
U728,67.72,-77.62,180.0,top
U729,69.72,-77.62,180.0,top
U73,37.72,-37.62,180.0,top
U730,71.72,-77.62,180.0,top
U731,73.72,-77.62,180.0,top
U732,75.72,-77.62,180.0,top
U733,77.72,-77.62,180.0,top
U734,79.72,-77.62,180.0,top
U735,81.72,-77.62,180.0,top
U736,83.72,-77.62,180.0,top
U737,21.72,-79.62,180.0,top
U738,23.72,-79.62,180.0,top
U739,25.72,-79.62,180.0,top
U74,39.72,-37.62,180.0,top
U740,27.72,-79.62,180.0,top
U741,29.72,-79.62,180.0,top
U742,31.72,-79.62,180.0,top
U743,33.72,-79.62,180.0,top
U744,35.72,-79.62,180.0,top
U745,37.72,-79.62,180.0,top
U746,39.72,-79.62,180.0,top
U747,41.72,-79.62,180.0,top
U748,43.72,-79.62,180.0,top
U749,45.72,-79.62,180.0,top
U75,41.72,-37.62,180.0,top
U750,47.72,-79.62,180.0,top
U751,49.72,-79.62,180.0,top
U752,51.72,-79.62,180.0,top
U753,53.72,-79.62,180.0,top
U754,55.72,-79.62,180.0,top
U755,57.72,-79.62,180.0,top
U756,59.72,-79.62,180.0,top
U757,61.72,-79.62,180.0,top
U758,63.72,-79.62,180.0,top
U759,65.72,-79.62,180.0,top
U76,43.72,-37.62,180.0,top
U760,67.72,-79.62,180.0,top
U761,69.72,-79.62,180.0,top
U762,71.72,-79.62,180.0,top
U763,73.72,-79.62,180.0,top
U764,75.72,-79.62,180.0,top
U765,77.72,-79.62,180.0,top
U766,79.72,-79.62,180.0,top
U767,81.72,-79.62,180.0,top
U768,83.72,-79.62,180.0,top
U769,21.72,-81.62,180.0,top
U77,45.72,-37.62,180.0,top
U770,23.72,-81.62,180.0,top
U771,25.72,-81.62,180.0,top
U772,27.72,-81.62,180.0,top
U773,29.72,-81.62,180.0,top
U774,31.72,-81.62,180.0,top
U775,33.72,-81.62,180.0,top
U776,35.72,-81.62,180.0,top
U777,37.72,-81.62,180.0,top
U778,39.72,-81.62,180.0,top
U779,41.72,-81.62,180.0,top
U78,47.72,-37.62,180.0,top
U780,43.72,-81.62,180.0,top
U781,45.72,-81.62,180.0,top
U782,47.72,-81.62,180.0,top
U783,49.72,-81.62,180.0,top
U784,51.72,-81.62,180.0,top
U785,53.72,-81.62,180.0,top
U786,55.72,-81.62,180.0,top
U787,57.72,-81.62,180.0,top
U788,59.72,-81.62,180.0,top
U789,61.72,-81.62,180.0,top
U79,49.72,-37.62,180.0,top
U790,63.72,-81.62,180.0,top
U791,65.72,-81.62,180.0,top
U792,67.72,-81.62,180.0,top
U793,69.72,-81.62,180.0,top
U794,71.72,-81.62,180.0,top
U795,73.72,-81.62,180.0,top
U796,75.72,-81.62,180.0,top
U797,77.72,-81.62,180.0,top
U798,79.72,-81.62,180.0,top
U799,81.72,-81.62,180.0,top
U8,35.72,-33.62,180.0,top
U80,51.72,-37.62,180.0,top
U800,83.72,-81.62,180.0,top
U801,21.72,-83.62,180.0,top
U802,23.72,-83.62,180.0,top
U803,25.72,-83.62,180.0,top
U804,27.72,-83.62,180.0,top
U805,29.72,-83.62,180.0,top
U806,31.72,-83.62,180.0,top
U807,33.72,-83.62,180.0,top
U808,35.72,-83.62,180.0,top
U809,37.72,-83.62,180.0,top
U81,53.72,-37.62,180.0,top
U810,39.72,-83.62,180.0,top
U811,41.72,-83.62,180.0,top
U812,43.72,-83.62,180.0,top
U813,45.72,-83.62,180.0,top
U814,47.72,-83.62,180.0,top
U815,49.72,-83.62,180.0,top
U816,51.72,-83.62,180.0,top
U817,53.72,-83.62,180.0,top
U818,55.72,-83.62,180.0,top
U819,57.72,-83.62,180.0,top
U82,55.72,-37.62,180.0,top
U820,59.72,-83.62,180.0,top
U821,61.72,-83.62,180.0,top
U822,63.72,-83.62,180.0,top
U823,65.72,-83.62,180.0,top
U824,67.72,-83.62,180.0,top
U825,69.72,-83.62,180.0,top
U826,71.72,-83.62,180.0,top
U827,73.72,-83.62,180.0,top
U828,75.72,-83.62,180.0,top
U829,77.72,-83.62,180.0,top
U83,57.72,-37.62,180.0,top
U830,79.72,-83.62,180.0,top
U831,81.72,-83.62,180.0,top
U832,83.72,-83.62,180.0,top
U833,21.72,-85.62,180.0,top
U834,23.72,-85.62,180.0,top
U835,25.72,-85.62,180.0,top
U836,27.72,-85.62,180.0,top
U837,29.72,-85.62,180.0,top
U838,31.72,-85.62,180.0,top
U839,33.72,-85.62,180.0,top
U84,59.72,-37.62,180.0,top
U840,35.72,-85.62,180.0,top
U841,37.72,-85.62,180.0,top
U842,39.72,-85.62,180.0,top
U843,41.72,-85.62,180.0,top
U844,43.72,-85.62,180.0,top
U845,45.72,-85.62,180.0,top
U846,47.72,-85.62,180.0,top
U847,49.72,-85.62,180.0,top
U848,51.72,-85.62,180.0,top
U849,53.72,-85.62,180.0,top
U85,61.72,-37.62,180.0,top
U850,55.72,-85.62,180.0,top
U851,57.72,-85.62,180.0,top
U852,59.72,-85.62,180.0,top
U853,61.72,-85.62,180.0,top
U854,63.72,-85.62,180.0,top
U855,65.72,-85.62,180.0,top
U856,67.72,-85.62,180.0,top
U857,69.72,-85.62,180.0,top
U858,71.72,-85.62,180.0,top
U859,73.72,-85.62,180.0,top
U86,63.72,-37.62,180.0,top
U860,75.72,-85.62,180.0,top
U861,77.72,-85.62,180.0,top
U862,79.72,-85.62,180.0,top
U863,81.72,-85.62,180.0,top
U864,83.72,-85.62,180.0,top
U865,21.72,-87.62,180.0,top
U866,23.72,-87.62,180.0,top
U867,25.72,-87.62,180.0,top
U868,27.72,-87.62,180.0,top
U869,29.72,-87.62,180.0,top
U87,65.72,-37.62,180.0,top
U870,31.72,-87.62,180.0,top
U871,33.72,-87.62,180.0,top
U872,35.72,-87.62,180.0,top
U873,37.72,-87.62,180.0,top
U874,39.72,-87.62,180.0,top
U875,41.72,-87.62,180.0,top
U876,43.72,-87.62,180.0,top
U877,45.72,-87.62,180.0,top
U878,47.72,-87.62,180.0,top
U879,49.72,-87.62,180.0,top
U88,67.72,-37.62,180.0,top
U880,51.72,-87.62,180.0,top
U881,53.72,-87.62,180.0,top
U882,55.72,-87.62,180.0,top
U883,57.72,-87.62,180.0,top
U884,59.72,-87.62,180.0,top
U885,61.72,-87.62,180.0,top
U886,63.72,-87.62,180.0,top
U887,65.72,-87.62,180.0,top
U888,67.72,-87.62,180.0,top
U889,69.72,-87.62,180.0,top
U89,69.72,-37.62,180.0,top
U890,71.72,-87.62,180.0,top
U891,73.72,-87.62,180.0,top
U892,75.72,-87.62,180.0,top
U893,77.72,-87.62,180.0,top
U894,79.72,-87.62,180.0,top
U895,81.72,-87.62,180.0,top
U896,83.72,-87.62,180.0,top
U897,21.72,-89.62,180.0,top
U898,23.72,-89.62,180.0,top
U899,25.72,-89.62,180.0,top
U9,37.72,-33.62,180.0,top
U90,71.72,-37.62,180.0,top
U900,27.72,-89.62,180.0,top
U901,29.72,-89.62,180.0,top
U902,31.72,-89.62,180.0,top
U903,33.72,-89.62,180.0,top
U904,35.72,-89.62,180.0,top
U905,37.72,-89.62,180.0,top
U906,39.72,-89.62,180.0,top
U907,41.72,-89.62,180.0,top
U908,43.72,-89.62,180.0,top
U909,45.72,-89.62,180.0,top
U91,73.72,-37.62,180.0,top
U910,47.72,-89.62,180.0,top
U911,49.72,-89.62,180.0,top
U912,51.72,-89.62,180.0,top
U913,53.72,-89.62,180.0,top
U914,55.72,-89.62,180.0,top
U915,57.72,-89.62,180.0,top
U916,59.72,-89.62,180.0,top
U917,61.72,-89.62,180.0,top
U918,63.72,-89.62,180.0,top
U919,65.72,-89.62,180.0,top
U92,75.72,-37.62,180.0,top
U920,67.72,-89.62,180.0,top
U921,69.72,-89.62,180.0,top
U922,71.72,-89.62,180.0,top
U923,73.72,-89.62,180.0,top
U924,75.72,-89.62,180.0,top
U925,77.72,-89.62,180.0,top
U926,79.72,-89.62,180.0,top
U927,81.72,-89.62,180.0,top
U928,83.72,-89.62,180.0,top
U929,21.72,-91.62,180.0,top
U93,77.72,-37.62,180.0,top
U930,23.72,-91.62,180.0,top
U931,25.72,-91.62,180.0,top
U932,27.72,-91.62,180.0,top
U933,29.72,-91.62,180.0,top
U934,31.72,-91.62,180.0,top
U935,33.72,-91.62,180.0,top
U936,35.72,-91.62,180.0,top
U937,37.72,-91.62,180.0,top
U938,39.72,-91.62,180.0,top
U939,41.72,-91.62,180.0,top
U94,79.72,-37.62,180.0,top
U940,43.72,-91.62,180.0,top
U941,45.72,-91.62,180.0,top
U942,47.72,-91.62,180.0,top
U943,49.72,-91.62,180.0,top
U944,51.72,-91.62,180.0,top
U945,53.72,-91.62,180.0,top
U946,55.72,-91.62,180.0,top
U947,57.72,-91.62,180.0,top
U948,59.72,-91.62,180.0,top
U949,61.72,-91.62,180.0,top
U95,81.72,-37.62,180.0,top
U950,63.72,-91.62,180.0,top
U951,65.72,-91.62,180.0,top
U952,67.72,-91.62,180.0,top
U953,69.72,-91.62,180.0,top
U954,71.72,-91.62,180.0,top
U955,73.72,-91.62,180.0,top
U956,75.72,-91.62,180.0,top
U957,77.72,-91.62,180.0,top
U958,79.72,-91.62,180.0,top
U959,81.72,-91.62,180.0,top
U96,83.72,-37.62,180.0,top
U960,83.72,-91.62,180.0,top
U961,21.72,-93.62,180.0,top
U962,23.72,-93.62,180.0,top
U963,25.72,-93.62,180.0,top
U964,27.72,-93.62,180.0,top
U965,29.72,-93.62,180.0,top
U966,31.72,-93.62,180.0,top
U967,33.72,-93.62,180.0,top
U968,35.72,-93.62,180.0,top
U969,37.72,-93.62,180.0,top
U97,21.72,-39.62,180.0,top
U970,39.72,-93.62,180.0,top
U971,41.72,-93.62,180.0,top
U972,43.72,-93.62,180.0,top
U973,45.72,-93.62,180.0,top
U974,47.72,-93.62,180.0,top
U975,49.72,-93.62,180.0,top
U976,51.72,-93.62,180.0,top
U977,53.72,-93.62,180.0,top
U978,55.72,-93.62,180.0,top
U979,57.72,-93.62,180.0,top
U98,23.72,-39.62,180.0,top
U980,59.72,-93.62,180.0,top
U981,61.72,-93.62,180.0,top
U982,63.72,-93.62,180.0,top
U983,65.72,-93.62,180.0,top
U984,67.72,-93.62,180.0,top
U985,69.72,-93.62,180.0,top
U986,71.72,-93.62,180.0,top
U987,73.72,-93.62,180.0,top
U988,75.72,-93.62,180.0,top
U989,77.72,-93.62,180.0,top
U99,25.72,-39.62,180.0,top
U990,79.72,-93.62,180.0,top
U991,81.72,-93.62,180.0,top
U992,83.72,-93.62,180.0,top
U993,21.72,-95.62,180.0,top
U994,23.72,-95.62,180.0,top
U995,25.72,-95.62,180.0,top
U996,27.72,-95.62,180.0,top
U997,29.72,-95.62,180.0,top
U998,31.72,-95.62,180.0,top
U999,33.72,-95.62,180.0,top
